Workbook

Sheet Fase de Grupos
A1: Copa do Mundo 2026 - Controle de Boloes - Fase de Grupos
A2: Grupo | B2: Jogo | C2: Mandante | D2: Visitante | E2: Zap | G2: Cli | I2: Polla | K2: Real | M2: Pts Zap | N2: Pts Cli | O2: Pts Polla | P2: Obs
E3: M | F3: V | G3: M | H3: V | I3: M | J3: V | K3: M | L3: V
A4: Grupo A
A5: A | B5: 1 | C5: MEX | D5: AFS | E5: 2 | F5: 0 | G5: 2 | H5: 1 | I5: 1 | J5: 0 | K5: 2 | L5: 0 | M5: =IF(OR($K5="",$L5="",$E5="",$F5=""),"",IF($E5=$F5,IF($K5=$L5,IF($E5=$K5,10,6),0),IF(OR($K5=$L5,SIGN($E5-$F5)<>SIGN($K5-$L5)),0,IF(AND($E5=$K5,$F5=$L5),10,IF(($E5-$F5)=($K5-$L5),6,IF(MAX($E5,$F5)=MAX($K5,$L5),5,IF(MIN($E5,$F5)=MIN($K5,$L5),4,3))))))) | N5: =IF(OR($K5="",$L5="",$G5="",$H5=""),"",IF(AND($G5=$K5,$H5=$L5),5+IF(($K5+$L5)>=6,2,IF(($K5+$L5)=5,1,0)),IF(AND($G5=$H5,$K5=$L5),3,IF(AND($G5<>$H5,$K5<>$L5,SIGN($G5-$H5)=SIGN($K5-$L5)),2,0)))) | O5: =IF(OR($K5="",$L5="",$I5="",$J5=""),"",IF(AND($I5=$K5,$J5=$L5),3,IF(SIGN($I5-$J5)=SIGN($K5-$L5),1,0)))
A6: A | B6: 2 | C6: COR | D6: CZE | E6: 2 | F6: 1 | G6: 2 | H6: 1 | I6: 1 | J6: 1 | K6: 2 | L6: 1 | M6: =IF(OR($K6="",$L6="",$E6="",$F6=""),"",IF($E6=$F6,IF($K6=$L6,IF($E6=$K6,10,6),0),IF(OR($K6=$L6,SIGN($E6-$F6)<>SIGN($K6-$L6)),0,IF(AND($E6=$K6,$F6=$L6),10,IF(($E6-$F6)=($K6-$L6),6,IF(MAX($E6,$F6)=MAX($K6,$L6),5,IF(MIN($E6,$F6)=MIN($K6,$L6),4,3))))))) | N6: =IF(OR($K6="",$L6="",$G6="",$H6=""),"",IF(AND($G6=$K6,$H6=$L6),5+IF(($K6+$L6)>=6,2,IF(($K6+$L6)=5,1,0)),IF(AND($G6=$H6,$K6=$L6),3,IF(AND($G6<>$H6,$K6<>$L6,SIGN($G6-$H6)=SIGN($K6-$L6)),2,0)))) | O6: =IF(OR($K6="",$L6="",$I6="",$J6=""),"",IF(AND($I6=$K6,$J6=$L6),3,IF(SIGN($I6-$J6)=SIGN($K6-$L6),1,0)))
A7: A | B7: 3 | C7: CZE | D7: AFS | E7: 2 | F7: 1 | G7: 2 | H7: 1 | I7: 1 | J7: 0 | M7: =IF(OR($K7="",$L7="",$E7="",$F7=""),"",IF($E7=$F7,IF($K7=$L7,IF($E7=$K7,10,6),0),IF(OR($K7=$L7,SIGN($E7-$F7)<>SIGN($K7-$L7)),0,IF(AND($E7=$K7,$F7=$L7),10,IF(($E7-$F7)=($K7-$L7),6,IF(MAX($E7,$F7)=MAX($K7,$L7),5,IF(MIN($E7,$F7)=MIN($K7,$L7),4,3))))))) | N7: =IF(OR($K7="",$L7="",$G7="",$H7=""),"",IF(AND($G7=$K7,$H7=$L7),5+IF(($K7+$L7)>=6,2,IF(($K7+$L7)=5,1,0)),IF(AND($G7=$H7,$K7=$L7),3,IF(AND($G7<>$H7,$K7<>$L7,SIGN($G7-$H7)=SIGN($K7-$L7)),2,0)))) | O7: =IF(OR($K7="",$L7="",$I7="",$J7=""),"",IF(AND($I7=$K7,$J7=$L7),3,IF(SIGN($I7-$J7)=SIGN($K7-$L7),1,0)))
A8: A | B8: 4 | C8: MEX | D8: COR | E8: 2 | F8: 1 | G8: 2 | H8: 1 | I8: 1 | J8: 1 | M8: =IF(OR($K8="",$L8="",$E8="",$F8=""),"",IF($E8=$F8,IF($K8=$L8,IF($E8=$K8,10,6),0),IF(OR($K8=$L8,SIGN($E8-$F8)<>SIGN($K8-$L8)),0,IF(AND($E8=$K8,$F8=$L8),10,IF(($E8-$F8)=($K8-$L8),6,IF(MAX($E8,$F8)=MAX($K8,$L8),5,IF(MIN($E8,$F8)=MIN($K8,$L8),4,3))))))) | N8: =IF(OR($K8="",$L8="",$G8="",$H8=""),"",IF(AND($G8=$K8,$H8=$L8),5+IF(($K8+$L8)>=6,2,IF(($K8+$L8)=5,1,0)),IF(AND($G8=$H8,$K8=$L8),3,IF(AND($G8<>$H8,$K8<>$L8,SIGN($G8-$H8)=SIGN($K8-$L8)),2,0)))) | O8: =IF(OR($K8="",$L8="",$I8="",$J8=""),"",IF(AND($I8=$K8,$J8=$L8),3,IF(SIGN($I8-$J8)=SIGN($K8-$L8),1,0)))
A9: A | B9: 5 | C9: CZE | D9: MEX | E9: 2 | F9: 1 | G9: 1 | H9: 2 | I9: 1 | J9: 1 | M9: =IF(OR($K9="",$L9="",$E9="",$F9=""),"",IF($E9=$F9,IF($K9=$L9,IF($E9=$K9,10,6),0),IF(OR($K9=$L9,SIGN($E9-$F9)<>SIGN($K9-$L9)),0,IF(AND($E9=$K9,$F9=$L9),10,IF(($E9-$F9)=($K9-$L9),6,IF(MAX($E9,$F9)=MAX($K9,$L9),5,IF(MIN($E9,$F9)=MIN($K9,$L9),4,3))))))) | N9: =IF(OR($K9="",$L9="",$G9="",$H9=""),"",IF(AND($G9=$K9,$H9=$L9),5+IF(($K9+$L9)>=6,2,IF(($K9+$L9)=5,1,0)),IF(AND($G9=$H9,$K9=$L9),3,IF(AND($G9<>$H9,$K9<>$L9,SIGN($G9-$H9)=SIGN($K9-$L9)),2,0)))) | O9: =IF(OR($K9="",$L9="",$I9="",$J9=""),"",IF(AND($I9=$K9,$J9=$L9),3,IF(SIGN($I9-$J9)=SIGN($K9-$L9),1,0)))
A10: A | B10: 6 | C10: AFS | D10: COR | E10: 1 | F10: 2 | G10: 1 | H10: 2 | I10: 0 | J10: 1 | M10: =IF(OR($K10="",$L10="",$E10="",$F10=""),"",IF($E10=$F10,IF($K10=$L10,IF($E10=$K10,10,6),0),IF(OR($K10=$L10,SIGN($E10-$F10)<>SIGN($K10-$L10)),0,IF(AND($E10=$K10,$F10=$L10),10,IF(($E10-$F10)=($K10-$L10),6,IF(MAX($E10,$F10)=MAX($K10,$L10),5,IF(MIN($E10,$F10)=MIN($K10,$L10),4,3))))))) | N10: =IF(OR($K10="",$L10="",$G10="",$H10=""),"",IF(AND($G10=$K10,$H10=$L10),5+IF(($K10+$L10)>=6,2,IF(($K10+$L10)=5,1,0)),IF(AND($G10=$H10,$K10=$L10),3,IF(AND($G10<>$H10,$K10<>$L10,SIGN($G10-$H10)=SIGN($K10-$L10)),2,0)))) | O10: =IF(OR($K10="",$L10="",$I10="",$J10=""),"",IF(AND($I10=$K10,$J10=$L10),3,IF(SIGN($I10-$J10)=SIGN($K10-$L10),1,0)))
A11: Grupo B
A12: B | B12: 7 | C12: CAN | D12: BOS | E12: 2 | F12: 0 | G12: 2 | H12: 0 | I12: 1 | J12: 0 | M12: =IF(OR($K12="",$L12="",$E12="",$F12=""),"",IF($E12=$F12,IF($K12=$L12,IF($E12=$K12,10,6),0),IF(OR($K12=$L12,SIGN($E12-$F12)<>SIGN($K12-$L12)),0,IF(AND($E12=$K12,$F12=$L12),10,IF(($E12-$F12)=($K12-$L12),6,IF(MAX($E12,$F12)=MAX($K12,$L12),5,IF(MIN($E12,$F12)=MIN($K12,$L12),4,3))))))) | N12: =IF(OR($K12="",$L12="",$G12="",$H12=""),"",IF(AND($G12=$K12,$H12=$L12),5+IF(($K12+$L12)>=6,2,IF(($K12+$L12)=5,1,0)),IF(AND($G12=$H12,$K12=$L12),3,IF(AND($G12<>$H12,$K12<>$L12,SIGN($G12-$H12)=SIGN($K12-$L12)),2,0)))) | O12: =IF(OR($K12="",$L12="",$I12="",$J12=""),"",IF(AND($I12=$K12,$J12=$L12),3,IF(SIGN($I12-$J12)=SIGN($K12-$L12),1,0)))
A13: B | B13: 8 | C13: CAT | D13: SUI | E13: 0 | F13: 2 | G13: 1 | H13: 4 | I13: 0 | J13: 2 | M13: =IF(OR($K13="",$L13="",$E13="",$F13=""),"",IF($E13=$F13,IF($K13=$L13,IF($E13=$K13,10,6),0),IF(OR($K13=$L13,SIGN($E13-$F13)<>SIGN($K13-$L13)),0,IF(AND($E13=$K13,$F13=$L13),10,IF(($E13-$F13)=($K13-$L13),6,IF(MAX($E13,$F13)=MAX($K13,$L13),5,IF(MIN($E13,$F13)=MIN($K13,$L13),4,3))))))) | N13: =IF(OR($K13="",$L13="",$G13="",$H13=""),"",IF(AND($G13=$K13,$H13=$L13),5+IF(($K13+$L13)>=6,2,IF(($K13+$L13)=5,1,0)),IF(AND($G13=$H13,$K13=$L13),3,IF(AND($G13<>$H13,$K13<>$L13,SIGN($G13-$H13)=SIGN($K13-$L13)),2,0)))) | O13: =IF(OR($K13="",$L13="",$I13="",$J13=""),"",IF(AND($I13=$K13,$J13=$L13),3,IF(SIGN($I13-$J13)=SIGN($K13-$L13),1,0)))
A14: B | B14: 9 | C14: SUI | D14: BOS | E14: 2 | F14: 0 | G14: 4 | H14: 1 | I14: 2 | J14: 0 | M14: =IF(OR($K14="",$L14="",$E14="",$F14=""),"",IF($E14=$F14,IF($K14=$L14,IF($E14=$K14,10,6),0),IF(OR($K14=$L14,SIGN($E14-$F14)<>SIGN($K14-$L14)),0,IF(AND($E14=$K14,$F14=$L14),10,IF(($E14-$F14)=($K14-$L14),6,IF(MAX($E14,$F14)=MAX($K14,$L14),5,IF(MIN($E14,$F14)=MIN($K14,$L14),4,3))))))) | N14: =IF(OR($K14="",$L14="",$G14="",$H14=""),"",IF(AND($G14=$K14,$H14=$L14),5+IF(($K14+$L14)>=6,2,IF(($K14+$L14)=5,1,0)),IF(AND($G14=$H14,$K14=$L14),3,IF(AND($G14<>$H14,$K14<>$L14,SIGN($G14-$H14)=SIGN($K14-$L14)),2,0)))) | O14: =IF(OR($K14="",$L14="",$I14="",$J14=""),"",IF(AND($I14=$K14,$J14=$L14),3,IF(SIGN($I14-$J14)=SIGN($K14-$L14),1,0)))
A15: B | B15: 10 | C15: CAN | D15: CAT | E15: 2 | F15: 0 | G15: 4 | H15: 1 | I15: 2 | J15: 0 | M15: =IF(OR($K15="",$L15="",$E15="",$F15=""),"",IF($E15=$F15,IF($K15=$L15,IF($E15=$K15,10,6),0),IF(OR($K15=$L15,SIGN($E15-$F15)<>SIGN($K15-$L15)),0,IF(AND($E15=$K15,$F15=$L15),10,IF(($E15-$F15)=($K15-$L15),6,IF(MAX($E15,$F15)=MAX($K15,$L15),5,IF(MIN($E15,$F15)=MIN($K15,$L15),4,3))))))) | N15: =IF(OR($K15="",$L15="",$G15="",$H15=""),"",IF(AND($G15=$K15,$H15=$L15),5+IF(($K15+$L15)>=6,2,IF(($K15+$L15)=5,1,0)),IF(AND($G15=$H15,$K15=$L15),3,IF(AND($G15<>$H15,$K15<>$L15,SIGN($G15-$H15)=SIGN($K15-$L15)),2,0)))) | O15: =IF(OR($K15="",$L15="",$I15="",$J15=""),"",IF(AND($I15=$K15,$J15=$L15),3,IF(SIGN($I15-$J15)=SIGN($K15-$L15),1,0)))
A16: B | B16: 11 | C16: SUI | D16: CAN | E16: 2 | F16: 1 | G16: 1 | H16: 2 | I16: 1 | J16: 0 | M16: =IF(OR($K16="",$L16="",$E16="",$F16=""),"",IF($E16=$F16,IF($K16=$L16,IF($E16=$K16,10,6),0),IF(OR($K16=$L16,SIGN($E16-$F16)<>SIGN($K16-$L16)),0,IF(AND($E16=$K16,$F16=$L16),10,IF(($E16-$F16)=($K16-$L16),6,IF(MAX($E16,$F16)=MAX($K16,$L16),5,IF(MIN($E16,$F16)=MIN($K16,$L16),4,3))))))) | N16: =IF(OR($K16="",$L16="",$G16="",$H16=""),"",IF(AND($G16=$K16,$H16=$L16),5+IF(($K16+$L16)>=6,2,IF(($K16+$L16)=5,1,0)),IF(AND($G16=$H16,$K16=$L16),3,IF(AND($G16<>$H16,$K16<>$L16,SIGN($G16-$H16)=SIGN($K16-$L16)),2,0)))) | O16: =IF(OR($K16="",$L16="",$I16="",$J16=""),"",IF(AND($I16=$K16,$J16=$L16),3,IF(SIGN($I16-$J16)=SIGN($K16-$L16),1,0)))
A17: B | B17: 12 | C17: BOS | D17: CAT | E17: 2 | F17: 1 | G17: 2 | H17: 1 | I17: 1 | J17: 0 | M17: =IF(OR($K17="",$L17="",$E17="",$F17=""),"",IF($E17=$F17,IF($K17=$L17,IF($E17=$K17,10,6),0),IF(OR($K17=$L17,SIGN($E17-$F17)<>SIGN($K17-$L17)),0,IF(AND($E17=$K17,$F17=$L17),10,IF(($E17-$F17)=($K17-$L17),6,IF(MAX($E17,$F17)=MAX($K17,$L17),5,IF(MIN($E17,$F17)=MIN($K17,$L17),4,3))))))) | N17: =IF(OR($K17="",$L17="",$G17="",$H17=""),"",IF(AND($G17=$K17,$H17=$L17),5+IF(($K17+$L17)>=6,2,IF(($K17+$L17)=5,1,0)),IF(AND($G17=$H17,$K17=$L17),3,IF(AND($G17<>$H17,$K17<>$L17,SIGN($G17-$H17)=SIGN($K17-$L17)),2,0)))) | O17: =IF(OR($K17="",$L17="",$I17="",$J17=""),"",IF(AND($I17=$K17,$J17=$L17),3,IF(SIGN($I17-$J17)=SIGN($K17-$L17),1,0)))
A18: Grupo C
A19: C | B19: 13 | C19: HAI | D19: ESC | E19: 0 | F19: 2 | G19: 1 | H19: 4 | I19: 0 | J19: 2 | M19: =IF(OR($K19="",$L19="",$E19="",$F19=""),"",IF($E19=$F19,IF($K19=$L19,IF($E19=$K19,10,6),0),IF(OR($K19=$L19,SIGN($E19-$F19)<>SIGN($K19-$L19)),0,IF(AND($E19=$K19,$F19=$L19),10,IF(($E19-$F19)=($K19-$L19),6,IF(MAX($E19,$F19)=MAX($K19,$L19),5,IF(MIN($E19,$F19)=MIN($K19,$L19),4,3))))))) | N19: =IF(OR($K19="",$L19="",$G19="",$H19=""),"",IF(AND($G19=$K19,$H19=$L19),5+IF(($K19+$L19)>=6,2,IF(($K19+$L19)=5,1,0)),IF(AND($G19=$H19,$K19=$L19),3,IF(AND($G19<>$H19,$K19<>$L19,SIGN($G19-$H19)=SIGN($K19-$L19)),2,0)))) | O19: =IF(OR($K19="",$L19="",$I19="",$J19=""),"",IF(AND($I19=$K19,$J19=$L19),3,IF(SIGN($I19-$J19)=SIGN($K19-$L19),1,0)))
A20: C | B20: 14 | C20: BRA | D20: MAR | E20: 2 | F20: 1 | G20: 2 | H20: 1 | I20: 1 | J20: 0 | M20: =IF(OR($K20="",$L20="",$E20="",$F20=""),"",IF($E20=$F20,IF($K20=$L20,IF($E20=$K20,10,6),0),IF(OR($K20=$L20,SIGN($E20-$F20)<>SIGN($K20-$L20)),0,IF(AND($E20=$K20,$F20=$L20),10,IF(($E20-$F20)=($K20-$L20),6,IF(MAX($E20,$F20)=MAX($K20,$L20),5,IF(MIN($E20,$F20)=MIN($K20,$L20),4,3))))))) | N20: =IF(OR($K20="",$L20="",$G20="",$H20=""),"",IF(AND($G20=$K20,$H20=$L20),5+IF(($K20+$L20)>=6,2,IF(($K20+$L20)=5,1,0)),IF(AND($G20=$H20,$K20=$L20),3,IF(AND($G20<>$H20,$K20<>$L20,SIGN($G20-$H20)=SIGN($K20-$L20)),2,0)))) | O20: =IF(OR($K20="",$L20="",$I20="",$J20=""),"",IF(AND($I20=$K20,$J20=$L20),3,IF(SIGN($I20-$J20)=SIGN($K20-$L20),1,0)))
A21: C | B21: 15 | C21: BRA | D21: HAI | E21: 2 | F21: 0 | G21: 4 | H21: 1 | I21: 4 | J21: 0 | M21: =IF(OR($K21="",$L21="",$E21="",$F21=""),"",IF($E21=$F21,IF($K21=$L21,IF($E21=$K21,10,6),0),IF(OR($K21=$L21,SIGN($E21-$F21)<>SIGN($K21-$L21)),0,IF(AND($E21=$K21,$F21=$L21),10,IF(($E21-$F21)=($K21-$L21),6,IF(MAX($E21,$F21)=MAX($K21,$L21),5,IF(MIN($E21,$F21)=MIN($K21,$L21),4,3))))))) | N21: =IF(OR($K21="",$L21="",$G21="",$H21=""),"",IF(AND($G21=$K21,$H21=$L21),5+IF(($K21+$L21)>=6,2,IF(($K21+$L21)=5,1,0)),IF(AND($G21=$H21,$K21=$L21),3,IF(AND($G21<>$H21,$K21<>$L21,SIGN($G21-$H21)=SIGN($K21-$L21)),2,0)))) | O21: =IF(OR($K21="",$L21="",$I21="",$J21=""),"",IF(AND($I21=$K21,$J21=$L21),3,IF(SIGN($I21-$J21)=SIGN($K21-$L21),1,0)))
A22: C | B22: 16 | C22: ESC | D22: MAR | E22: 0 | F22: 2 | G22: 0 | H22: 2 | I22: 0 | J22: 1 | M22: =IF(OR($K22="",$L22="",$E22="",$F22=""),"",IF($E22=$F22,IF($K22=$L22,IF($E22=$K22,10,6),0),IF(OR($K22=$L22,SIGN($E22-$F22)<>SIGN($K22-$L22)),0,IF(AND($E22=$K22,$F22=$L22),10,IF(($E22-$F22)=($K22-$L22),6,IF(MAX($E22,$F22)=MAX($K22,$L22),5,IF(MIN($E22,$F22)=MIN($K22,$L22),4,3))))))) | N22: =IF(OR($K22="",$L22="",$G22="",$H22=""),"",IF(AND($G22=$K22,$H22=$L22),5+IF(($K22+$L22)>=6,2,IF(($K22+$L22)=5,1,0)),IF(AND($G22=$H22,$K22=$L22),3,IF(AND($G22<>$H22,$K22<>$L22,SIGN($G22-$H22)=SIGN($K22-$L22)),2,0)))) | O22: =IF(OR($K22="",$L22="",$I22="",$J22=""),"",IF(AND($I22=$K22,$J22=$L22),3,IF(SIGN($I22-$J22)=SIGN($K22-$L22),1,0)))
A23: C | B23: 17 | C23: ESC | D23: BRA | E23: 0 | F23: 2 | G23: 1 | H23: 4 | I23: 0 | J23: 2 | M23: =IF(OR($K23="",$L23="",$E23="",$F23=""),"",IF($E23=$F23,IF($K23=$L23,IF($E23=$K23,10,6),0),IF(OR($K23=$L23,SIGN($E23-$F23)<>SIGN($K23-$L23)),0,IF(AND($E23=$K23,$F23=$L23),10,IF(($E23-$F23)=($K23-$L23),6,IF(MAX($E23,$F23)=MAX($K23,$L23),5,IF(MIN($E23,$F23)=MIN($K23,$L23),4,3))))))) | N23: =IF(OR($K23="",$L23="",$G23="",$H23=""),"",IF(AND($G23=$K23,$H23=$L23),5+IF(($K23+$L23)>=6,2,IF(($K23+$L23)=5,1,0)),IF(AND($G23=$H23,$K23=$L23),3,IF(AND($G23<>$H23,$K23<>$L23,SIGN($G23-$H23)=SIGN($K23-$L23)),2,0)))) | O23: =IF(OR($K23="",$L23="",$I23="",$J23=""),"",IF(AND($I23=$K23,$J23=$L23),3,IF(SIGN($I23-$J23)=SIGN($K23-$L23),1,0)))
A24: C | B24: 18 | C24: MAR | D24: HAI | E24: 2 | F24: 0 | G24: 4 | H24: 1 | I24: 2 | J24: 0 | M24: =IF(OR($K24="",$L24="",$E24="",$F24=""),"",IF($E24=$F24,IF($K24=$L24,IF($E24=$K24,10,6),0),IF(OR($K24=$L24,SIGN($E24-$F24)<>SIGN($K24-$L24)),0,IF(AND($E24=$K24,$F24=$L24),10,IF(($E24-$F24)=($K24-$L24),6,IF(MAX($E24,$F24)=MAX($K24,$L24),5,IF(MIN($E24,$F24)=MIN($K24,$L24),4,3))))))) | N24: =IF(OR($K24="",$L24="",$G24="",$H24=""),"",IF(AND($G24=$K24,$H24=$L24),5+IF(($K24+$L24)>=6,2,IF(($K24+$L24)=5,1,0)),IF(AND($G24=$H24,$K24=$L24),3,IF(AND($G24<>$H24,$K24<>$L24,SIGN($G24-$H24)=SIGN($K24-$L24)),2,0)))) | O24: =IF(OR($K24="",$L24="",$I24="",$J24=""),"",IF(AND($I24=$K24,$J24=$L24),3,IF(SIGN($I24-$J24)=SIGN($K24-$L24),1,0)))
A25: Grupo D
A26: D | B26: 19 | C26: EUA | D26: PAR | E26: 2 | F26: 1 | G26: 1 | H26: 2 | I26: 0 | J26: 0 | M26: =IF(OR($K26="",$L26="",$E26="",$F26=""),"",IF($E26=$F26,IF($K26=$L26,IF($E26=$K26,10,6),0),IF(OR($K26=$L26,SIGN($E26-$F26)<>SIGN($K26-$L26)),0,IF(AND($E26=$K26,$F26=$L26),10,IF(($E26-$F26)=($K26-$L26),6,IF(MAX($E26,$F26)=MAX($K26,$L26),5,IF(MIN($E26,$F26)=MIN($K26,$L26),4,3))))))) | N26: =IF(OR($K26="",$L26="",$G26="",$H26=""),"",IF(AND($G26=$K26,$H26=$L26),5+IF(($K26+$L26)>=6,2,IF(($K26+$L26)=5,1,0)),IF(AND($G26=$H26,$K26=$L26),3,IF(AND($G26<>$H26,$K26<>$L26,SIGN($G26-$H26)=SIGN($K26-$L26)),2,0)))) | O26: =IF(OR($K26="",$L26="",$I26="",$J26=""),"",IF(AND($I26=$K26,$J26=$L26),3,IF(SIGN($I26-$J26)=SIGN($K26-$L26),1,0)))
A27: D | B27: 20 | C27: AUS | D27: TUR | E27: 2 | F27: 1 | G27: 2 | H27: 1 | I27: 1 | J27: 1 | M27: =IF(OR($K27="",$L27="",$E27="",$F27=""),"",IF($E27=$F27,IF($K27=$L27,IF($E27=$K27,10,6),0),IF(OR($K27=$L27,SIGN($E27-$F27)<>SIGN($K27-$L27)),0,IF(AND($E27=$K27,$F27=$L27),10,IF(($E27-$F27)=($K27-$L27),6,IF(MAX($E27,$F27)=MAX($K27,$L27),5,IF(MIN($E27,$F27)=MIN($K27,$L27),4,3))))))) | N27: =IF(OR($K27="",$L27="",$G27="",$H27=""),"",IF(AND($G27=$K27,$H27=$L27),5+IF(($K27+$L27)>=6,2,IF(($K27+$L27)=5,1,0)),IF(AND($G27=$H27,$K27=$L27),3,IF(AND($G27<>$H27,$K27<>$L27,SIGN($G27-$H27)=SIGN($K27-$L27)),2,0)))) | O27: =IF(OR($K27="",$L27="",$I27="",$J27=""),"",IF(AND($I27=$K27,$J27=$L27),3,IF(SIGN($I27-$J27)=SIGN($K27-$L27),1,0)))
A28: D | B28: 21 | C28: TUR | D28: PAR | E28: 2 | F28: 1 | G28: 1 | H28: 2 | I28: 1 | J28: 1 | M28: =IF(OR($K28="",$L28="",$E28="",$F28=""),"",IF($E28=$F28,IF($K28=$L28,IF($E28=$K28,10,6),0),IF(OR($K28=$L28,SIGN($E28-$F28)<>SIGN($K28-$L28)),0,IF(AND($E28=$K28,$F28=$L28),10,IF(($E28-$F28)=($K28-$L28),6,IF(MAX($E28,$F28)=MAX($K28,$L28),5,IF(MIN($E28,$F28)=MIN($K28,$L28),4,3))))))) | N28: =IF(OR($K28="",$L28="",$G28="",$H28=""),"",IF(AND($G28=$K28,$H28=$L28),5+IF(($K28+$L28)>=6,2,IF(($K28+$L28)=5,1,0)),IF(AND($G28=$H28,$K28=$L28),3,IF(AND($G28<>$H28,$K28<>$L28,SIGN($G28-$H28)=SIGN($K28-$L28)),2,0)))) | O28: =IF(OR($K28="",$L28="",$I28="",$J28=""),"",IF(AND($I28=$K28,$J28=$L28),3,IF(SIGN($I28-$J28)=SIGN($K28-$L28),1,0)))
A29: D | B29: 22 | C29: EUA | D29: AUS | E29: 1 | F29: 2 | G29: 1 | H29: 2 | I29: 0 | J29: 1 | M29: =IF(OR($K29="",$L29="",$E29="",$F29=""),"",IF($E29=$F29,IF($K29=$L29,IF($E29=$K29,10,6),0),IF(OR($K29=$L29,SIGN($E29-$F29)<>SIGN($K29-$L29)),0,IF(AND($E29=$K29,$F29=$L29),10,IF(($E29-$F29)=($K29-$L29),6,IF(MAX($E29,$F29)=MAX($K29,$L29),5,IF(MIN($E29,$F29)=MIN($K29,$L29),4,3))))))) | N29: =IF(OR($K29="",$L29="",$G29="",$H29=""),"",IF(AND($G29=$K29,$H29=$L29),5+IF(($K29+$L29)>=6,2,IF(($K29+$L29)=5,1,0)),IF(AND($G29=$H29,$K29=$L29),3,IF(AND($G29<>$H29,$K29<>$L29,SIGN($G29-$H29)=SIGN($K29-$L29)),2,0)))) | O29: =IF(OR($K29="",$L29="",$I29="",$J29=""),"",IF(AND($I29=$K29,$J29=$L29),3,IF(SIGN($I29-$J29)=SIGN($K29-$L29),1,0)))
A30: D | B30: 23 | C30: TUR | D30: EUA | E30: 2 | F30: 1 | G30: 2 | H30: 1 | I30: 2 | J30: 1 | M30: =IF(OR($K30="",$L30="",$E30="",$F30=""),"",IF($E30=$F30,IF($K30=$L30,IF($E30=$K30,10,6),0),IF(OR($K30=$L30,SIGN($E30-$F30)<>SIGN($K30-$L30)),0,IF(AND($E30=$K30,$F30=$L30),10,IF(($E30-$F30)=($K30-$L30),6,IF(MAX($E30,$F30)=MAX($K30,$L30),5,IF(MIN($E30,$F30)=MIN($K30,$L30),4,3))))))) | N30: =IF(OR($K30="",$L30="",$G30="",$H30=""),"",IF(AND($G30=$K30,$H30=$L30),5+IF(($K30+$L30)>=6,2,IF(($K30+$L30)=5,1,0)),IF(AND($G30=$H30,$K30=$L30),3,IF(AND($G30<>$H30,$K30<>$L30,SIGN($G30-$H30)=SIGN($K30-$L30)),2,0)))) | O30: =IF(OR($K30="",$L30="",$I30="",$J30=""),"",IF(AND($I30=$K30,$J30=$L30),3,IF(SIGN($I30-$J30)=SIGN($K30-$L30),1,0)))
A31: D | B31: 24 | C31: PAR | D31: AUS | E31: 1 | F31: 1 | G31: 1 | H31: 1 | I31: 0 | J31: 0 | M31: =IF(OR($K31="",$L31="",$E31="",$F31=""),"",IF($E31=$F31,IF($K31=$L31,IF($E31=$K31,10,6),0),IF(OR($K31=$L31,SIGN($E31-$F31)<>SIGN($K31-$L31)),0,IF(AND($E31=$K31,$F31=$L31),10,IF(($E31-$F31)=($K31-$L31),6,IF(MAX($E31,$F31)=MAX($K31,$L31),5,IF(MIN($E31,$F31)=MIN($K31,$L31),4,3))))))) | N31: =IF(OR($K31="",$L31="",$G31="",$H31=""),"",IF(AND($G31=$K31,$H31=$L31),5+IF(($K31+$L31)>=6,2,IF(($K31+$L31)=5,1,0)),IF(AND($G31=$H31,$K31=$L31),3,IF(AND($G31<>$H31,$K31<>$L31,SIGN($G31-$H31)=SIGN($K31-$L31)),2,0)))) | O31: =IF(OR($K31="",$L31="",$I31="",$J31=""),"",IF(AND($I31=$K31,$J31=$L31),3,IF(SIGN($I31-$J31)=SIGN($K31-$L31),1,0)))
A32: Grupo E
A33: E | B33: 25 | C33: CDM | D33: EQU | E33: 1 | F33: 1 | G33: 1 | H33: 1 | I33: 0 | J33: 0 | M33: =IF(OR($K33="",$L33="",$E33="",$F33=""),"",IF($E33=$F33,IF($K33=$L33,IF($E33=$K33,10,6),0),IF(OR($K33=$L33,SIGN($E33-$F33)<>SIGN($K33-$L33)),0,IF(AND($E33=$K33,$F33=$L33),10,IF(($E33-$F33)=($K33-$L33),6,IF(MAX($E33,$F33)=MAX($K33,$L33),5,IF(MIN($E33,$F33)=MIN($K33,$L33),4,3))))))) | N33: =IF(OR($K33="",$L33="",$G33="",$H33=""),"",IF(AND($G33=$K33,$H33=$L33),5+IF(($K33+$L33)>=6,2,IF(($K33+$L33)=5,1,0)),IF(AND($G33=$H33,$K33=$L33),3,IF(AND($G33<>$H33,$K33<>$L33,SIGN($G33-$H33)=SIGN($K33-$L33)),2,0)))) | O33: =IF(OR($K33="",$L33="",$I33="",$J33=""),"",IF(AND($I33=$K33,$J33=$L33),3,IF(SIGN($I33-$J33)=SIGN($K33-$L33),1,0)))
A34: E | B34: 26 | C34: ALE | D34: CUR | E34: 2 | F34: 0 | G34: 4 | H34: 1 | I34: 3 | J34: 0 | M34: =IF(OR($K34="",$L34="",$E34="",$F34=""),"",IF($E34=$F34,IF($K34=$L34,IF($E34=$K34,10,6),0),IF(OR($K34=$L34,SIGN($E34-$F34)<>SIGN($K34-$L34)),0,IF(AND($E34=$K34,$F34=$L34),10,IF(($E34-$F34)=($K34-$L34),6,IF(MAX($E34,$F34)=MAX($K34,$L34),5,IF(MIN($E34,$F34)=MIN($K34,$L34),4,3))))))) | N34: =IF(OR($K34="",$L34="",$G34="",$H34=""),"",IF(AND($G34=$K34,$H34=$L34),5+IF(($K34+$L34)>=6,2,IF(($K34+$L34)=5,1,0)),IF(AND($G34=$H34,$K34=$L34),3,IF(AND($G34<>$H34,$K34<>$L34,SIGN($G34-$H34)=SIGN($K34-$L34)),2,0)))) | O34: =IF(OR($K34="",$L34="",$I34="",$J34=""),"",IF(AND($I34=$K34,$J34=$L34),3,IF(SIGN($I34-$J34)=SIGN($K34-$L34),1,0)))
A35: E | B35: 27 | C35: ALE | D35: CDM | E35: 2 | F35: 0 | G35: 2 | H35: 0 | I35: 1 | J35: 0 | M35: =IF(OR($K35="",$L35="",$E35="",$F35=""),"",IF($E35=$F35,IF($K35=$L35,IF($E35=$K35,10,6),0),IF(OR($K35=$L35,SIGN($E35-$F35)<>SIGN($K35-$L35)),0,IF(AND($E35=$K35,$F35=$L35),10,IF(($E35-$F35)=($K35-$L35),6,IF(MAX($E35,$F35)=MAX($K35,$L35),5,IF(MIN($E35,$F35)=MIN($K35,$L35),4,3))))))) | N35: =IF(OR($K35="",$L35="",$G35="",$H35=""),"",IF(AND($G35=$K35,$H35=$L35),5+IF(($K35+$L35)>=6,2,IF(($K35+$L35)=5,1,0)),IF(AND($G35=$H35,$K35=$L35),3,IF(AND($G35<>$H35,$K35<>$L35,SIGN($G35-$H35)=SIGN($K35-$L35)),2,0)))) | O35: =IF(OR($K35="",$L35="",$I35="",$J35=""),"",IF(AND($I35=$K35,$J35=$L35),3,IF(SIGN($I35-$J35)=SIGN($K35-$L35),1,0)))
A36: E | B36: 28 | C36: EQU | D36: CUR | E36: 2 | F36: 0 | G36: 4 | H36: 1 | I36: 2 | J36: 0 | M36: =IF(OR($K36="",$L36="",$E36="",$F36=""),"",IF($E36=$F36,IF($K36=$L36,IF($E36=$K36,10,6),0),IF(OR($K36=$L36,SIGN($E36-$F36)<>SIGN($K36-$L36)),0,IF(AND($E36=$K36,$F36=$L36),10,IF(($E36-$F36)=($K36-$L36),6,IF(MAX($E36,$F36)=MAX($K36,$L36),5,IF(MIN($E36,$F36)=MIN($K36,$L36),4,3))))))) | N36: =IF(OR($K36="",$L36="",$G36="",$H36=""),"",IF(AND($G36=$K36,$H36=$L36),5+IF(($K36+$L36)>=6,2,IF(($K36+$L36)=5,1,0)),IF(AND($G36=$H36,$K36=$L36),3,IF(AND($G36<>$H36,$K36<>$L36,SIGN($G36-$H36)=SIGN($K36-$L36)),2,0)))) | O36: =IF(OR($K36="",$L36="",$I36="",$J36=""),"",IF(AND($I36=$K36,$J36=$L36),3,IF(SIGN($I36-$J36)=SIGN($K36-$L36),1,0)))
A37: E | B37: 29 | C37: CUR | D37: CDM | E37: 0 | F37: 2 | G37: 1 | H37: 4 | I37: 0 | J37: 2 | M37: =IF(OR($K37="",$L37="",$E37="",$F37=""),"",IF($E37=$F37,IF($K37=$L37,IF($E37=$K37,10,6),0),IF(OR($K37=$L37,SIGN($E37-$F37)<>SIGN($K37-$L37)),0,IF(AND($E37=$K37,$F37=$L37),10,IF(($E37-$F37)=($K37-$L37),6,IF(MAX($E37,$F37)=MAX($K37,$L37),5,IF(MIN($E37,$F37)=MIN($K37,$L37),4,3))))))) | N37: =IF(OR($K37="",$L37="",$G37="",$H37=""),"",IF(AND($G37=$K37,$H37=$L37),5+IF(($K37+$L37)>=6,2,IF(($K37+$L37)=5,1,0)),IF(AND($G37=$H37,$K37=$L37),3,IF(AND($G37<>$H37,$K37<>$L37,SIGN($G37-$H37)=SIGN($K37-$L37)),2,0)))) | O37: =IF(OR($K37="",$L37="",$I37="",$J37=""),"",IF(AND($I37=$K37,$J37=$L37),3,IF(SIGN($I37-$J37)=SIGN($K37-$L37),1,0)))
A38: E | B38: 30 | C38: EQU | D38: ALE | E38: 2 | F38: 1 | G38: 2 | H38: 1 | I38: 0 | J38: 0 | M38: =IF(OR($K38="",$L38="",$E38="",$F38=""),"",IF($E38=$F38,IF($K38=$L38,IF($E38=$K38,10,6),0),IF(OR($K38=$L38,SIGN($E38-$F38)<>SIGN($K38-$L38)),0,IF(AND($E38=$K38,$F38=$L38),10,IF(($E38-$F38)=($K38-$L38),6,IF(MAX($E38,$F38)=MAX($K38,$L38),5,IF(MIN($E38,$F38)=MIN($K38,$L38),4,3))))))) | N38: =IF(OR($K38="",$L38="",$G38="",$H38=""),"",IF(AND($G38=$K38,$H38=$L38),5+IF(($K38+$L38)>=6,2,IF(($K38+$L38)=5,1,0)),IF(AND($G38=$H38,$K38=$L38),3,IF(AND($G38<>$H38,$K38<>$L38,SIGN($G38-$H38)=SIGN($K38-$L38)),2,0)))) | O38: =IF(OR($K38="",$L38="",$I38="",$J38=""),"",IF(AND($I38=$K38,$J38=$L38),3,IF(SIGN($I38-$J38)=SIGN($K38-$L38),1,0)))
A39: Grupo F
A40: F | B40: 31 | C40: HOL | D40: JAP | E40: 1 | F40: 2 | G40: 1 | H40: 2 | I40: 1 | J40: 1 | M40: =IF(OR($K40="",$L40="",$E40="",$F40=""),"",IF($E40=$F40,IF($K40=$L40,IF($E40=$K40,10,6),0),IF(OR($K40=$L40,SIGN($E40-$F40)<>SIGN($K40-$L40)),0,IF(AND($E40=$K40,$F40=$L40),10,IF(($E40-$F40)=($K40-$L40),6,IF(MAX($E40,$F40)=MAX($K40,$L40),5,IF(MIN($E40,$F40)=MIN($K40,$L40),4,3))))))) | N40: =IF(OR($K40="",$L40="",$G40="",$H40=""),"",IF(AND($G40=$K40,$H40=$L40),5+IF(($K40+$L40)>=6,2,IF(($K40+$L40)=5,1,0)),IF(AND($G40=$H40,$K40=$L40),3,IF(AND($G40<>$H40,$K40<>$L40,SIGN($G40-$H40)=SIGN($K40-$L40)),2,0)))) | O40: =IF(OR($K40="",$L40="",$I40="",$J40=""),"",IF(AND($I40=$K40,$J40=$L40),3,IF(SIGN($I40-$J40)=SIGN($K40-$L40),1,0)))
A41: F | B41: 32 | C41: SUE | D41: TUN | E41: 1 | F41: 2 | G41: 1 | H41: 2 | I41: 1 | J41: 1 | M41: =IF(OR($K41="",$L41="",$E41="",$F41=""),"",IF($E41=$F41,IF($K41=$L41,IF($E41=$K41,10,6),0),IF(OR($K41=$L41,SIGN($E41-$F41)<>SIGN($K41-$L41)),0,IF(AND($E41=$K41,$F41=$L41),10,IF(($E41-$F41)=($K41-$L41),6,IF(MAX($E41,$F41)=MAX($K41,$L41),5,IF(MIN($E41,$F41)=MIN($K41,$L41),4,3))))))) | N41: =IF(OR($K41="",$L41="",$G41="",$H41=""),"",IF(AND($G41=$K41,$H41=$L41),5+IF(($K41+$L41)>=6,2,IF(($K41+$L41)=5,1,0)),IF(AND($G41=$H41,$K41=$L41),3,IF(AND($G41<>$H41,$K41<>$L41,SIGN($G41-$H41)=SIGN($K41-$L41)),2,0)))) | O41: =IF(OR($K41="",$L41="",$I41="",$J41=""),"",IF(AND($I41=$K41,$J41=$L41),3,IF(SIGN($I41-$J41)=SIGN($K41-$L41),1,0)))
A42: F | B42: 33 | C42: HOL | D42: SUE | E42: 2 | F42: 0 | G42: 2 | H42: 0 | I42: 2 | J42: 1 | M42: =IF(OR($K42="",$L42="",$E42="",$F42=""),"",IF($E42=$F42,IF($K42=$L42,IF($E42=$K42,10,6),0),IF(OR($K42=$L42,SIGN($E42-$F42)<>SIGN($K42-$L42)),0,IF(AND($E42=$K42,$F42=$L42),10,IF(($E42-$F42)=($K42-$L42),6,IF(MAX($E42,$F42)=MAX($K42,$L42),5,IF(MIN($E42,$F42)=MIN($K42,$L42),4,3))))))) | N42: =IF(OR($K42="",$L42="",$G42="",$H42=""),"",IF(AND($G42=$K42,$H42=$L42),5+IF(($K42+$L42)>=6,2,IF(($K42+$L42)=5,1,0)),IF(AND($G42=$H42,$K42=$L42),3,IF(AND($G42<>$H42,$K42<>$L42,SIGN($G42-$H42)=SIGN($K42-$L42)),2,0)))) | O42: =IF(OR($K42="",$L42="",$I42="",$J42=""),"",IF(AND($I42=$K42,$J42=$L42),3,IF(SIGN($I42-$J42)=SIGN($K42-$L42),1,0)))
A43: F | B43: 34 | C43: TUN | D43: JAP | E43: 2 | F43: 0 | G43: 2 | H43: 0 | I43: 0 | J43: 1 | M43: =IF(OR($K43="",$L43="",$E43="",$F43=""),"",IF($E43=$F43,IF($K43=$L43,IF($E43=$K43,10,6),0),IF(OR($K43=$L43,SIGN($E43-$F43)<>SIGN($K43-$L43)),0,IF(AND($E43=$K43,$F43=$L43),10,IF(($E43-$F43)=($K43-$L43),6,IF(MAX($E43,$F43)=MAX($K43,$L43),5,IF(MIN($E43,$F43)=MIN($K43,$L43),4,3))))))) | N43: =IF(OR($K43="",$L43="",$G43="",$H43=""),"",IF(AND($G43=$K43,$H43=$L43),5+IF(($K43+$L43)>=6,2,IF(($K43+$L43)=5,1,0)),IF(AND($G43=$H43,$K43=$L43),3,IF(AND($G43<>$H43,$K43<>$L43,SIGN($G43-$H43)=SIGN($K43-$L43)),2,0)))) | O43: =IF(OR($K43="",$L43="",$I43="",$J43=""),"",IF(AND($I43=$K43,$J43=$L43),3,IF(SIGN($I43-$J43)=SIGN($K43-$L43),1,0)))
A44: F | B44: 35 | C44: JAP | D44: SUE | E44: 2 | F44: 0 | G44: 2 | H44: 0 | I44: 2 | J44: 0 | M44: =IF(OR($K44="",$L44="",$E44="",$F44=""),"",IF($E44=$F44,IF($K44=$L44,IF($E44=$K44,10,6),0),IF(OR($K44=$L44,SIGN($E44-$F44)<>SIGN($K44-$L44)),0,IF(AND($E44=$K44,$F44=$L44),10,IF(($E44-$F44)=($K44-$L44),6,IF(MAX($E44,$F44)=MAX($K44,$L44),5,IF(MIN($E44,$F44)=MIN($K44,$L44),4,3))))))) | N44: =IF(OR($K44="",$L44="",$G44="",$H44=""),"",IF(AND($G44=$K44,$H44=$L44),5+IF(($K44+$L44)>=6,2,IF(($K44+$L44)=5,1,0)),IF(AND($G44=$H44,$K44=$L44),3,IF(AND($G44<>$H44,$K44<>$L44,SIGN($G44-$H44)=SIGN($K44-$L44)),2,0)))) | O44: =IF(OR($K44="",$L44="",$I44="",$J44=""),"",IF(AND($I44=$K44,$J44=$L44),3,IF(SIGN($I44-$J44)=SIGN($K44-$L44),1,0)))
A45: F | B45: 36 | C45: TUN | D45: HOL | E45: 0 | F45: 2 | G45: 0 | H45: 2 | I45: 0 | J45: 1 | M45: =IF(OR($K45="",$L45="",$E45="",$F45=""),"",IF($E45=$F45,IF($K45=$L45,IF($E45=$K45,10,6),0),IF(OR($K45=$L45,SIGN($E45-$F45)<>SIGN($K45-$L45)),0,IF(AND($E45=$K45,$F45=$L45),10,IF(($E45-$F45)=($K45-$L45),6,IF(MAX($E45,$F45)=MAX($K45,$L45),5,IF(MIN($E45,$F45)=MIN($K45,$L45),4,3))))))) | N45: =IF(OR($K45="",$L45="",$G45="",$H45=""),"",IF(AND($G45=$K45,$H45=$L45),5+IF(($K45+$L45)>=6,2,IF(($K45+$L45)=5,1,0)),IF(AND($G45=$H45,$K45=$L45),3,IF(AND($G45<>$H45,$K45<>$L45,SIGN($G45-$H45)=SIGN($K45-$L45)),2,0)))) | O45: =IF(OR($K45="",$L45="",$I45="",$J45=""),"",IF(AND($I45=$K45,$J45=$L45),3,IF(SIGN($I45-$J45)=SIGN($K45-$L45),1,0)))
A46: Grupo G
A47: G | B47: 37 | C47: IRA | D47: NZL | E47: 2 | F47: 0 | G47: 2 | H47: 0 | I47: 1 | J47: 0 | M47: =IF(OR($K47="",$L47="",$E47="",$F47=""),"",IF($E47=$F47,IF($K47=$L47,IF($E47=$K47,10,6),0),IF(OR($K47=$L47,SIGN($E47-$F47)<>SIGN($K47-$L47)),0,IF(AND($E47=$K47,$F47=$L47),10,IF(($E47-$F47)=($K47-$L47),6,IF(MAX($E47,$F47)=MAX($K47,$L47),5,IF(MIN($E47,$F47)=MIN($K47,$L47),4,3))))))) | N47: =IF(OR($K47="",$L47="",$G47="",$H47=""),"",IF(AND($G47=$K47,$H47=$L47),5+IF(($K47+$L47)>=6,2,IF(($K47+$L47)=5,1,0)),IF(AND($G47=$H47,$K47=$L47),3,IF(AND($G47<>$H47,$K47<>$L47,SIGN($G47-$H47)=SIGN($K47-$L47)),2,0)))) | O47: =IF(OR($K47="",$L47="",$I47="",$J47=""),"",IF(AND($I47=$K47,$J47=$L47),3,IF(SIGN($I47-$J47)=SIGN($K47-$L47),1,0)))
A48: G | B48: 38 | C48: BEL | D48: EGT | E48: 2 | F48: 0 | G48: 2 | H48: 0 | I48: 1 | J48: 0 | M48: =IF(OR($K48="",$L48="",$E48="",$F48=""),"",IF($E48=$F48,IF($K48=$L48,IF($E48=$K48,10,6),0),IF(OR($K48=$L48,SIGN($E48-$F48)<>SIGN($K48-$L48)),0,IF(AND($E48=$K48,$F48=$L48),10,IF(($E48-$F48)=($K48-$L48),6,IF(MAX($E48,$F48)=MAX($K48,$L48),5,IF(MIN($E48,$F48)=MIN($K48,$L48),4,3))))))) | N48: =IF(OR($K48="",$L48="",$G48="",$H48=""),"",IF(AND($G48=$K48,$H48=$L48),5+IF(($K48+$L48)>=6,2,IF(($K48+$L48)=5,1,0)),IF(AND($G48=$H48,$K48=$L48),3,IF(AND($G48<>$H48,$K48<>$L48,SIGN($G48-$H48)=SIGN($K48-$L48)),2,0)))) | O48: =IF(OR($K48="",$L48="",$I48="",$J48=""),"",IF(AND($I48=$K48,$J48=$L48),3,IF(SIGN($I48-$J48)=SIGN($K48-$L48),1,0)))
A49: G | B49: 39 | C49: BEL | D49: IRA | E49: 2 | F49: 0 | G49: 2 | H49: 0 | I49: 1 | J49: 0 | M49: =IF(OR($K49="",$L49="",$E49="",$F49=""),"",IF($E49=$F49,IF($K49=$L49,IF($E49=$K49,10,6),0),IF(OR($K49=$L49,SIGN($E49-$F49)<>SIGN($K49-$L49)),0,IF(AND($E49=$K49,$F49=$L49),10,IF(($E49-$F49)=($K49-$L49),6,IF(MAX($E49,$F49)=MAX($K49,$L49),5,IF(MIN($E49,$F49)=MIN($K49,$L49),4,3))))))) | N49: =IF(OR($K49="",$L49="",$G49="",$H49=""),"",IF(AND($G49=$K49,$H49=$L49),5+IF(($K49+$L49)>=6,2,IF(($K49+$L49)=5,1,0)),IF(AND($G49=$H49,$K49=$L49),3,IF(AND($G49<>$H49,$K49<>$L49,SIGN($G49-$H49)=SIGN($K49-$L49)),2,0)))) | O49: =IF(OR($K49="",$L49="",$I49="",$J49=""),"",IF(AND($I49=$K49,$J49=$L49),3,IF(SIGN($I49-$J49)=SIGN($K49-$L49),1,0)))
A50: G | B50: 40 | C50: NZL | D50: EGT | E50: 0 | F50: 2 | G50: 0 | H50: 2 | I50: 0 | J50: 1 | M50: =IF(OR($K50="",$L50="",$E50="",$F50=""),"",IF($E50=$F50,IF($K50=$L50,IF($E50=$K50,10,6),0),IF(OR($K50=$L50,SIGN($E50-$F50)<>SIGN($K50-$L50)),0,IF(AND($E50=$K50,$F50=$L50),10,IF(($E50-$F50)=($K50-$L50),6,IF(MAX($E50,$F50)=MAX($K50,$L50),5,IF(MIN($E50,$F50)=MIN($K50,$L50),4,3))))))) | N50: =IF(OR($K50="",$L50="",$G50="",$H50=""),"",IF(AND($G50=$K50,$H50=$L50),5+IF(($K50+$L50)>=6,2,IF(($K50+$L50)=5,1,0)),IF(AND($G50=$H50,$K50=$L50),3,IF(AND($G50<>$H50,$K50<>$L50,SIGN($G50-$H50)=SIGN($K50-$L50)),2,0)))) | O50: =IF(OR($K50="",$L50="",$I50="",$J50=""),"",IF(AND($I50=$K50,$J50=$L50),3,IF(SIGN($I50-$J50)=SIGN($K50-$L50),1,0)))
A51: G | B51: 41 | C51: EGT | D51: IRA | E51: 1 | F51: 2 | G51: 1 | H51: 2 | I51: 0 | J51: 1 | M51: =IF(OR($K51="",$L51="",$E51="",$F51=""),"",IF($E51=$F51,IF($K51=$L51,IF($E51=$K51,10,6),0),IF(OR($K51=$L51,SIGN($E51-$F51)<>SIGN($K51-$L51)),0,IF(AND($E51=$K51,$F51=$L51),10,IF(($E51-$F51)=($K51-$L51),6,IF(MAX($E51,$F51)=MAX($K51,$L51),5,IF(MIN($E51,$F51)=MIN($K51,$L51),4,3))))))) | N51: =IF(OR($K51="",$L51="",$G51="",$H51=""),"",IF(AND($G51=$K51,$H51=$L51),5+IF(($K51+$L51)>=6,2,IF(($K51+$L51)=5,1,0)),IF(AND($G51=$H51,$K51=$L51),3,IF(AND($G51<>$H51,$K51<>$L51,SIGN($G51-$H51)=SIGN($K51-$L51)),2,0)))) | O51: =IF(OR($K51="",$L51="",$I51="",$J51=""),"",IF(AND($I51=$K51,$J51=$L51),3,IF(SIGN($I51-$J51)=SIGN($K51-$L51),1,0)))
A52: G | B52: 42 | C52: NZL | D52: BEL | E52: 0 | F52: 2 | G52: 1 | H52: 4 | I52: 0 | J52: 1 | M52: =IF(OR($K52="",$L52="",$E52="",$F52=""),"",IF($E52=$F52,IF($K52=$L52,IF($E52=$K52,10,6),0),IF(OR($K52=$L52,SIGN($E52-$F52)<>SIGN($K52-$L52)),0,IF(AND($E52=$K52,$F52=$L52),10,IF(($E52-$F52)=($K52-$L52),6,IF(MAX($E52,$F52)=MAX($K52,$L52),5,IF(MIN($E52,$F52)=MIN($K52,$L52),4,3))))))) | N52: =IF(OR($K52="",$L52="",$G52="",$H52=""),"",IF(AND($G52=$K52,$H52=$L52),5+IF(($K52+$L52)>=6,2,IF(($K52+$L52)=5,1,0)),IF(AND($G52=$H52,$K52=$L52),3,IF(AND($G52<>$H52,$K52<>$L52,SIGN($G52-$H52)=SIGN($K52-$L52)),2,0)))) | O52: =IF(OR($K52="",$L52="",$I52="",$J52=""),"",IF(AND($I52=$K52,$J52=$L52),3,IF(SIGN($I52-$J52)=SIGN($K52-$L52),1,0)))
A53: Grupo H
A54: H | B54: 43 | C54: SAU | D54: URU | E54: 0 | F54: 2 | G54: 0 | H54: 2 | I54: 0 | J54: 1 | M54: =IF(OR($K54="",$L54="",$E54="",$F54=""),"",IF($E54=$F54,IF($K54=$L54,IF($E54=$K54,10,6),0),IF(OR($K54=$L54,SIGN($E54-$F54)<>SIGN($K54-$L54)),0,IF(AND($E54=$K54,$F54=$L54),10,IF(($E54-$F54)=($K54-$L54),6,IF(MAX($E54,$F54)=MAX($K54,$L54),5,IF(MIN($E54,$F54)=MIN($K54,$L54),4,3))))))) | N54: =IF(OR($K54="",$L54="",$G54="",$H54=""),"",IF(AND($G54=$K54,$H54=$L54),5+IF(($K54+$L54)>=6,2,IF(($K54+$L54)=5,1,0)),IF(AND($G54=$H54,$K54=$L54),3,IF(AND($G54<>$H54,$K54<>$L54,SIGN($G54-$H54)=SIGN($K54-$L54)),2,0)))) | O54: =IF(OR($K54="",$L54="",$I54="",$J54=""),"",IF(AND($I54=$K54,$J54=$L54),3,IF(SIGN($I54-$J54)=SIGN($K54-$L54),1,0)))
A55: H | B55: 44 | C55: ESP | D55: CPV | E55: 2 | F55: 0 | G55: 4 | H55: 1 | I55: 3 | J55: 0 | M55: =IF(OR($K55="",$L55="",$E55="",$F55=""),"",IF($E55=$F55,IF($K55=$L55,IF($E55=$K55,10,6),0),IF(OR($K55=$L55,SIGN($E55-$F55)<>SIGN($K55-$L55)),0,IF(AND($E55=$K55,$F55=$L55),10,IF(($E55-$F55)=($K55-$L55),6,IF(MAX($E55,$F55)=MAX($K55,$L55),5,IF(MIN($E55,$F55)=MIN($K55,$L55),4,3))))))) | N55: =IF(OR($K55="",$L55="",$G55="",$H55=""),"",IF(AND($G55=$K55,$H55=$L55),5+IF(($K55+$L55)>=6,2,IF(($K55+$L55)=5,1,0)),IF(AND($G55=$H55,$K55=$L55),3,IF(AND($G55<>$H55,$K55<>$L55,SIGN($G55-$H55)=SIGN($K55-$L55)),2,0)))) | O55: =IF(OR($K55="",$L55="",$I55="",$J55=""),"",IF(AND($I55=$K55,$J55=$L55),3,IF(SIGN($I55-$J55)=SIGN($K55-$L55),1,0)))
A56: H | B56: 45 | C56: URU | D56: CPV | E56: 2 | F56: 0 | G56: 4 | H56: 1 | I56: 1 | J56: 0 | M56: =IF(OR($K56="",$L56="",$E56="",$F56=""),"",IF($E56=$F56,IF($K56=$L56,IF($E56=$K56,10,6),0),IF(OR($K56=$L56,SIGN($E56-$F56)<>SIGN($K56-$L56)),0,IF(AND($E56=$K56,$F56=$L56),10,IF(($E56-$F56)=($K56-$L56),6,IF(MAX($E56,$F56)=MAX($K56,$L56),5,IF(MIN($E56,$F56)=MIN($K56,$L56),4,3))))))) | N56: =IF(OR($K56="",$L56="",$G56="",$H56=""),"",IF(AND($G56=$K56,$H56=$L56),5+IF(($K56+$L56)>=6,2,IF(($K56+$L56)=5,1,0)),IF(AND($G56=$H56,$K56=$L56),3,IF(AND($G56<>$H56,$K56<>$L56,SIGN($G56-$H56)=SIGN($K56-$L56)),2,0)))) | O56: =IF(OR($K56="",$L56="",$I56="",$J56=""),"",IF(AND($I56=$K56,$J56=$L56),3,IF(SIGN($I56-$J56)=SIGN($K56-$L56),1,0)))
A57: H | B57: 46 | C57: ESP | D57: SAU | E57: 2 | F57: 0 | G57: 4 | H57: 1 | I57: 2 | J57: 0 | M57: =IF(OR($K57="",$L57="",$E57="",$F57=""),"",IF($E57=$F57,IF($K57=$L57,IF($E57=$K57,10,6),0),IF(OR($K57=$L57,SIGN($E57-$F57)<>SIGN($K57-$L57)),0,IF(AND($E57=$K57,$F57=$L57),10,IF(($E57-$F57)=($K57-$L57),6,IF(MAX($E57,$F57)=MAX($K57,$L57),5,IF(MIN($E57,$F57)=MIN($K57,$L57),4,3))))))) | N57: =IF(OR($K57="",$L57="",$G57="",$H57=""),"",IF(AND($G57=$K57,$H57=$L57),5+IF(($K57+$L57)>=6,2,IF(($K57+$L57)=5,1,0)),IF(AND($G57=$H57,$K57=$L57),3,IF(AND($G57<>$H57,$K57<>$L57,SIGN($G57-$H57)=SIGN($K57-$L57)),2,0)))) | O57: =IF(OR($K57="",$L57="",$I57="",$J57=""),"",IF(AND($I57=$K57,$J57=$L57),3,IF(SIGN($I57-$J57)=SIGN($K57-$L57),1,0)))
A58: H | B58: 47 | C58: CPV | D58: SAU | E58: 1 | F58: 1 | G58: 1 | H58: 1 | I58: 0 | J58: 0 | M58: =IF(OR($K58="",$L58="",$E58="",$F58=""),"",IF($E58=$F58,IF($K58=$L58,IF($E58=$K58,10,6),0),IF(OR($K58=$L58,SIGN($E58-$F58)<>SIGN($K58-$L58)),0,IF(AND($E58=$K58,$F58=$L58),10,IF(($E58-$F58)=($K58-$L58),6,IF(MAX($E58,$F58)=MAX($K58,$L58),5,IF(MIN($E58,$F58)=MIN($K58,$L58),4,3))))))) | N58: =IF(OR($K58="",$L58="",$G58="",$H58=""),"",IF(AND($G58=$K58,$H58=$L58),5+IF(($K58+$L58)>=6,2,IF(($K58+$L58)=5,1,0)),IF(AND($G58=$H58,$K58=$L58),3,IF(AND($G58<>$H58,$K58<>$L58,SIGN($G58-$H58)=SIGN($K58-$L58)),2,0)))) | O58: =IF(OR($K58="",$L58="",$I58="",$J58=""),"",IF(AND($I58=$K58,$J58=$L58),3,IF(SIGN($I58-$J58)=SIGN($K58-$L58),1,0)))
A59: H | B59: 48 | C59: URU | D59: ESP | E59: 0 | F59: 2 | G59: 0 | H59: 2 | I59: 0 | J59: 1 | M59: =IF(OR($K59="",$L59="",$E59="",$F59=""),"",IF($E59=$F59,IF($K59=$L59,IF($E59=$K59,10,6),0),IF(OR($K59=$L59,SIGN($E59-$F59)<>SIGN($K59-$L59)),0,IF(AND($E59=$K59,$F59=$L59),10,IF(($E59-$F59)=($K59-$L59),6,IF(MAX($E59,$F59)=MAX($K59,$L59),5,IF(MIN($E59,$F59)=MIN($K59,$L59),4,3))))))) | N59: =IF(OR($K59="",$L59="",$G59="",$H59=""),"",IF(AND($G59=$K59,$H59=$L59),5+IF(($K59+$L59)>=6,2,IF(($K59+$L59)=5,1,0)),IF(AND($G59=$H59,$K59=$L59),3,IF(AND($G59<>$H59,$K59<>$L59,SIGN($G59-$H59)=SIGN($K59-$L59)),2,0)))) | O59: =IF(OR($K59="",$L59="",$I59="",$J59=""),"",IF(AND($I59=$K59,$J59=$L59),3,IF(SIGN($I59-$J59)=SIGN($K59-$L59),1,0)))
A60: Grupo I
A61: I | B61: 49 | C61: FRA | D61: SEN | E61: 2 | F61: 0 | G61: 2 | H61: 0 | I61: 1 | J61: 0 | M61: =IF(OR($K61="",$L61="",$E61="",$F61=""),"",IF($E61=$F61,IF($K61=$L61,IF($E61=$K61,10,6),0),IF(OR($K61=$L61,SIGN($E61-$F61)<>SIGN($K61-$L61)),0,IF(AND($E61=$K61,$F61=$L61),10,IF(($E61-$F61)=($K61-$L61),6,IF(MAX($E61,$F61)=MAX($K61,$L61),5,IF(MIN($E61,$F61)=MIN($K61,$L61),4,3))))))) | N61: =IF(OR($K61="",$L61="",$G61="",$H61=""),"",IF(AND($G61=$K61,$H61=$L61),5+IF(($K61+$L61)>=6,2,IF(($K61+$L61)=5,1,0)),IF(AND($G61=$H61,$K61=$L61),3,IF(AND($G61<>$H61,$K61<>$L61,SIGN($G61-$H61)=SIGN($K61-$L61)),2,0)))) | O61: =IF(OR($K61="",$L61="",$I61="",$J61=""),"",IF(AND($I61=$K61,$J61=$L61),3,IF(SIGN($I61-$J61)=SIGN($K61-$L61),1,0)))
A62: I | B62: 50 | C62: IRQ | D62: NOR | E62: 0 | F62: 2 | G62: 0 | H62: 2 | I62: 0 | J62: 1 | M62: =IF(OR($K62="",$L62="",$E62="",$F62=""),"",IF($E62=$F62,IF($K62=$L62,IF($E62=$K62,10,6),0),IF(OR($K62=$L62,SIGN($E62-$F62)<>SIGN($K62-$L62)),0,IF(AND($E62=$K62,$F62=$L62),10,IF(($E62-$F62)=($K62-$L62),6,IF(MAX($E62,$F62)=MAX($K62,$L62),5,IF(MIN($E62,$F62)=MIN($K62,$L62),4,3))))))) | N62: =IF(OR($K62="",$L62="",$G62="",$H62=""),"",IF(AND($G62=$K62,$H62=$L62),5+IF(($K62+$L62)>=6,2,IF(($K62+$L62)=5,1,0)),IF(AND($G62=$H62,$K62=$L62),3,IF(AND($G62<>$H62,$K62<>$L62,SIGN($G62-$H62)=SIGN($K62-$L62)),2,0)))) | O62: =IF(OR($K62="",$L62="",$I62="",$J62=""),"",IF(AND($I62=$K62,$J62=$L62),3,IF(SIGN($I62-$J62)=SIGN($K62-$L62),1,0)))
A63: I | B63: 51 | C63: NOR | D63: SEN | E63: 2 | F63: 1 | G63: 2 | H63: 1 | I63: 1 | J63: 1 | M63: =IF(OR($K63="",$L63="",$E63="",$F63=""),"",IF($E63=$F63,IF($K63=$L63,IF($E63=$K63,10,6),0),IF(OR($K63=$L63,SIGN($E63-$F63)<>SIGN($K63-$L63)),0,IF(AND($E63=$K63,$F63=$L63),10,IF(($E63-$F63)=($K63-$L63),6,IF(MAX($E63,$F63)=MAX($K63,$L63),5,IF(MIN($E63,$F63)=MIN($K63,$L63),4,3))))))) | N63: =IF(OR($K63="",$L63="",$G63="",$H63=""),"",IF(AND($G63=$K63,$H63=$L63),5+IF(($K63+$L63)>=6,2,IF(($K63+$L63)=5,1,0)),IF(AND($G63=$H63,$K63=$L63),3,IF(AND($G63<>$H63,$K63<>$L63,SIGN($G63-$H63)=SIGN($K63-$L63)),2,0)))) | O63: =IF(OR($K63="",$L63="",$I63="",$J63=""),"",IF(AND($I63=$K63,$J63=$L63),3,IF(SIGN($I63-$J63)=SIGN($K63-$L63),1,0)))
A64: I | B64: 52 | C64: FRA | D64: IRQ | E64: 2 | F64: 0 | G64: 4 | H64: 1 | I64: 2 | J64: 0 | M64: =IF(OR($K64="",$L64="",$E64="",$F64=""),"",IF($E64=$F64,IF($K64=$L64,IF($E64=$K64,10,6),0),IF(OR($K64=$L64,SIGN($E64-$F64)<>SIGN($K64-$L64)),0,IF(AND($E64=$K64,$F64=$L64),10,IF(($E64-$F64)=($K64-$L64),6,IF(MAX($E64,$F64)=MAX($K64,$L64),5,IF(MIN($E64,$F64)=MIN($K64,$L64),4,3))))))) | N64: =IF(OR($K64="",$L64="",$G64="",$H64=""),"",IF(AND($G64=$K64,$H64=$L64),5+IF(($K64+$L64)>=6,2,IF(($K64+$L64)=5,1,0)),IF(AND($G64=$H64,$K64=$L64),3,IF(AND($G64<>$H64,$K64<>$L64,SIGN($G64-$H64)=SIGN($K64-$L64)),2,0)))) | O64: =IF(OR($K64="",$L64="",$I64="",$J64=""),"",IF(AND($I64=$K64,$J64=$L64),3,IF(SIGN($I64-$J64)=SIGN($K64-$L64),1,0)))
A65: I | B65: 53 | C65: NOR | D65: FRA | E65: 0 | F65: 2 | G65: 0 | H65: 2 | I65: 0 | J65: 2 | M65: =IF(OR($K65="",$L65="",$E65="",$F65=""),"",IF($E65=$F65,IF($K65=$L65,IF($E65=$K65,10,6),0),IF(OR($K65=$L65,SIGN($E65-$F65)<>SIGN($K65-$L65)),0,IF(AND($E65=$K65,$F65=$L65),10,IF(($E65-$F65)=($K65-$L65),6,IF(MAX($E65,$F65)=MAX($K65,$L65),5,IF(MIN($E65,$F65)=MIN($K65,$L65),4,3))))))) | N65: =IF(OR($K65="",$L65="",$G65="",$H65=""),"",IF(AND($G65=$K65,$H65=$L65),5+IF(($K65+$L65)>=6,2,IF(($K65+$L65)=5,1,0)),IF(AND($G65=$H65,$K65=$L65),3,IF(AND($G65<>$H65,$K65<>$L65,SIGN($G65-$H65)=SIGN($K65-$L65)),2,0)))) | O65: =IF(OR($K65="",$L65="",$I65="",$J65=""),"",IF(AND($I65=$K65,$J65=$L65),3,IF(SIGN($I65-$J65)=SIGN($K65-$L65),1,0)))
A66: I | B66: 54 | C66: SEN | D66: IRQ | E66: 2 | F66: 0 | G66: 2 | H66: 0 | I66: 1 | J66: 0 | M66: =IF(OR($K66="",$L66="",$E66="",$F66=""),"",IF($E66=$F66,IF($K66=$L66,IF($E66=$K66,10,6),0),IF(OR($K66=$L66,SIGN($E66-$F66)<>SIGN($K66-$L66)),0,IF(AND($E66=$K66,$F66=$L66),10,IF(($E66-$F66)=($K66-$L66),6,IF(MAX($E66,$F66)=MAX($K66,$L66),5,IF(MIN($E66,$F66)=MIN($K66,$L66),4,3))))))) | N66: =IF(OR($K66="",$L66="",$G66="",$H66=""),"",IF(AND($G66=$K66,$H66=$L66),5+IF(($K66+$L66)>=6,2,IF(($K66+$L66)=5,1,0)),IF(AND($G66=$H66,$K66=$L66),3,IF(AND($G66<>$H66,$K66<>$L66,SIGN($G66-$H66)=SIGN($K66-$L66)),2,0)))) | O66: =IF(OR($K66="",$L66="",$I66="",$J66=""),"",IF(AND($I66=$K66,$J66=$L66),3,IF(SIGN($I66-$J66)=SIGN($K66-$L66),1,0)))
A67: Grupo J
A68: J | B68: 55 | C68: ARG | D68: AGL | E68: 2 | F68: 0 | G68: 2 | H68: 0 | I68: 1 | J68: 0 | M68: =IF(OR($K68="",$L68="",$E68="",$F68=""),"",IF($E68=$F68,IF($K68=$L68,IF($E68=$K68,10,6),0),IF(OR($K68=$L68,SIGN($E68-$F68)<>SIGN($K68-$L68)),0,IF(AND($E68=$K68,$F68=$L68),10,IF(($E68-$F68)=($K68-$L68),6,IF(MAX($E68,$F68)=MAX($K68,$L68),5,IF(MIN($E68,$F68)=MIN($K68,$L68),4,3))))))) | N68: =IF(OR($K68="",$L68="",$G68="",$H68=""),"",IF(AND($G68=$K68,$H68=$L68),5+IF(($K68+$L68)>=6,2,IF(($K68+$L68)=5,1,0)),IF(AND($G68=$H68,$K68=$L68),3,IF(AND($G68<>$H68,$K68<>$L68,SIGN($G68-$H68)=SIGN($K68-$L68)),2,0)))) | O68: =IF(OR($K68="",$L68="",$I68="",$J68=""),"",IF(AND($I68=$K68,$J68=$L68),3,IF(SIGN($I68-$J68)=SIGN($K68-$L68),1,0)))
A69: J | B69: 56 | C69: AUT | D69: JRD | E69: 2 | F69: 0 | G69: 2 | H69: 0 | I69: 2 | J69: 0 | M69: =IF(OR($K69="",$L69="",$E69="",$F69=""),"",IF($E69=$F69,IF($K69=$L69,IF($E69=$K69,10,6),0),IF(OR($K69=$L69,SIGN($E69-$F69)<>SIGN($K69-$L69)),0,IF(AND($E69=$K69,$F69=$L69),10,IF(($E69-$F69)=($K69-$L69),6,IF(MAX($E69,$F69)=MAX($K69,$L69),5,IF(MIN($E69,$F69)=MIN($K69,$L69),4,3))))))) | N69: =IF(OR($K69="",$L69="",$G69="",$H69=""),"",IF(AND($G69=$K69,$H69=$L69),5+IF(($K69+$L69)>=6,2,IF(($K69+$L69)=5,1,0)),IF(AND($G69=$H69,$K69=$L69),3,IF(AND($G69<>$H69,$K69<>$L69,SIGN($G69-$H69)=SIGN($K69-$L69)),2,0)))) | O69: =IF(OR($K69="",$L69="",$I69="",$J69=""),"",IF(AND($I69=$K69,$J69=$L69),3,IF(SIGN($I69-$J69)=SIGN($K69-$L69),1,0)))
A70: J | B70: 57 | C70: ARG | D70: AUT | E70: 2 | F70: 0 | G70: 2 | H70: 0 | I70: 1 | J70: 0 | M70: =IF(OR($K70="",$L70="",$E70="",$F70=""),"",IF($E70=$F70,IF($K70=$L70,IF($E70=$K70,10,6),0),IF(OR($K70=$L70,SIGN($E70-$F70)<>SIGN($K70-$L70)),0,IF(AND($E70=$K70,$F70=$L70),10,IF(($E70-$F70)=($K70-$L70),6,IF(MAX($E70,$F70)=MAX($K70,$L70),5,IF(MIN($E70,$F70)=MIN($K70,$L70),4,3))))))) | N70: =IF(OR($K70="",$L70="",$G70="",$H70=""),"",IF(AND($G70=$K70,$H70=$L70),5+IF(($K70+$L70)>=6,2,IF(($K70+$L70)=5,1,0)),IF(AND($G70=$H70,$K70=$L70),3,IF(AND($G70<>$H70,$K70<>$L70,SIGN($G70-$H70)=SIGN($K70-$L70)),2,0)))) | O70: =IF(OR($K70="",$L70="",$I70="",$J70=""),"",IF(AND($I70=$K70,$J70=$L70),3,IF(SIGN($I70-$J70)=SIGN($K70-$L70),1,0)))
A71: J | B71: 58 | C71: JRD | D71: AGL | E71: 0 | F71: 2 | G71: 0 | H71: 2 | I71: 1 | J71: 2 | M71: =IF(OR($K71="",$L71="",$E71="",$F71=""),"",IF($E71=$F71,IF($K71=$L71,IF($E71=$K71,10,6),0),IF(OR($K71=$L71,SIGN($E71-$F71)<>SIGN($K71-$L71)),0,IF(AND($E71=$K71,$F71=$L71),10,IF(($E71-$F71)=($K71-$L71),6,IF(MAX($E71,$F71)=MAX($K71,$L71),5,IF(MIN($E71,$F71)=MIN($K71,$L71),4,3))))))) | N71: =IF(OR($K71="",$L71="",$G71="",$H71=""),"",IF(AND($G71=$K71,$H71=$L71),5+IF(($K71+$L71)>=6,2,IF(($K71+$L71)=5,1,0)),IF(AND($G71=$H71,$K71=$L71),3,IF(AND($G71<>$H71,$K71<>$L71,SIGN($G71-$H71)=SIGN($K71-$L71)),2,0)))) | O71: =IF(OR($K71="",$L71="",$I71="",$J71=""),"",IF(AND($I71=$K71,$J71=$L71),3,IF(SIGN($I71-$J71)=SIGN($K71-$L71),1,0)))
A72: J | B72: 59 | C72: AGL | D72: AUT | E72: 1 | F72: 2 | G72: 1 | H72: 2 | I72: 1 | J72: 1 | M72: =IF(OR($K72="",$L72="",$E72="",$F72=""),"",IF($E72=$F72,IF($K72=$L72,IF($E72=$K72,10,6),0),IF(OR($K72=$L72,SIGN($E72-$F72)<>SIGN($K72-$L72)),0,IF(AND($E72=$K72,$F72=$L72),10,IF(($E72-$F72)=($K72-$L72),6,IF(MAX($E72,$F72)=MAX($K72,$L72),5,IF(MIN($E72,$F72)=MIN($K72,$L72),4,3))))))) | N72: =IF(OR($K72="",$L72="",$G72="",$H72=""),"",IF(AND($G72=$K72,$H72=$L72),5+IF(($K72+$L72)>=6,2,IF(($K72+$L72)=5,1,0)),IF(AND($G72=$H72,$K72=$L72),3,IF(AND($G72<>$H72,$K72<>$L72,SIGN($G72-$H72)=SIGN($K72-$L72)),2,0)))) | O72: =IF(OR($K72="",$L72="",$I72="",$J72=""),"",IF(AND($I72=$K72,$J72=$L72),3,IF(SIGN($I72-$J72)=SIGN($K72-$L72),1,0)))
A73: J | B73: 60 | C73: JRD | D73: ARG | E73: 0 | F73: 2 | G73: 1 | H73: 4 | I73: 0 | J73: 2 | M73: =IF(OR($K73="",$L73="",$E73="",$F73=""),"",IF($E73=$F73,IF($K73=$L73,IF($E73=$K73,10,6),0),IF(OR($K73=$L73,SIGN($E73-$F73)<>SIGN($K73-$L73)),0,IF(AND($E73=$K73,$F73=$L73),10,IF(($E73-$F73)=($K73-$L73),6,IF(MAX($E73,$F73)=MAX($K73,$L73),5,IF(MIN($E73,$F73)=MIN($K73,$L73),4,3))))))) | N73: =IF(OR($K73="",$L73="",$G73="",$H73=""),"",IF(AND($G73=$K73,$H73=$L73),5+IF(($K73+$L73)>=6,2,IF(($K73+$L73)=5,1,0)),IF(AND($G73=$H73,$K73=$L73),3,IF(AND($G73<>$H73,$K73<>$L73,SIGN($G73-$H73)=SIGN($K73-$L73)),2,0)))) | O73: =IF(OR($K73="",$L73="",$I73="",$J73=""),"",IF(AND($I73=$K73,$J73=$L73),3,IF(SIGN($I73-$J73)=SIGN($K73-$L73),1,0)))
A74: Grupo K
A75: K | B75: 61 | C75: POR | D75: RDC | E75: 2 | F75: 0 | G75: 2 | H75: 0 | I75: 1 | J75: 0 | M75: =IF(OR($K75="",$L75="",$E75="",$F75=""),"",IF($E75=$F75,IF($K75=$L75,IF($E75=$K75,10,6),0),IF(OR($K75=$L75,SIGN($E75-$F75)<>SIGN($K75-$L75)),0,IF(AND($E75=$K75,$F75=$L75),10,IF(($E75-$F75)=($K75-$L75),6,IF(MAX($E75,$F75)=MAX($K75,$L75),5,IF(MIN($E75,$F75)=MIN($K75,$L75),4,3))))))) | N75: =IF(OR($K75="",$L75="",$G75="",$H75=""),"",IF(AND($G75=$K75,$H75=$L75),5+IF(($K75+$L75)>=6,2,IF(($K75+$L75)=5,1,0)),IF(AND($G75=$H75,$K75=$L75),3,IF(AND($G75<>$H75,$K75<>$L75,SIGN($G75-$H75)=SIGN($K75-$L75)),2,0)))) | O75: =IF(OR($K75="",$L75="",$I75="",$J75=""),"",IF(AND($I75=$K75,$J75=$L75),3,IF(SIGN($I75-$J75)=SIGN($K75-$L75),1,0)))
A76: K | B76: 62 | C76: UZB | D76: COL | E76: 0 | F76: 2 | G76: 0 | H76: 2 | I76: 0 | J76: 1 | M76: =IF(OR($K76="",$L76="",$E76="",$F76=""),"",IF($E76=$F76,IF($K76=$L76,IF($E76=$K76,10,6),0),IF(OR($K76=$L76,SIGN($E76-$F76)<>SIGN($K76-$L76)),0,IF(AND($E76=$K76,$F76=$L76),10,IF(($E76-$F76)=($K76-$L76),6,IF(MAX($E76,$F76)=MAX($K76,$L76),5,IF(MIN($E76,$F76)=MIN($K76,$L76),4,3))))))) | N76: =IF(OR($K76="",$L76="",$G76="",$H76=""),"",IF(AND($G76=$K76,$H76=$L76),5+IF(($K76+$L76)>=6,2,IF(($K76+$L76)=5,1,0)),IF(AND($G76=$H76,$K76=$L76),3,IF(AND($G76<>$H76,$K76<>$L76,SIGN($G76-$H76)=SIGN($K76-$L76)),2,0)))) | O76: =IF(OR($K76="",$L76="",$I76="",$J76=""),"",IF(AND($I76=$K76,$J76=$L76),3,IF(SIGN($I76-$J76)=SIGN($K76-$L76),1,0)))
A77: K | B77: 63 | C77: POR | D77: UZB | E77: 2 | F77: 0 | G77: 2 | H77: 0 | I77: 1 | J77: 0 | M77: =IF(OR($K77="",$L77="",$E77="",$F77=""),"",IF($E77=$F77,IF($K77=$L77,IF($E77=$K77,10,6),0),IF(OR($K77=$L77,SIGN($E77-$F77)<>SIGN($K77-$L77)),0,IF(AND($E77=$K77,$F77=$L77),10,IF(($E77-$F77)=($K77-$L77),6,IF(MAX($E77,$F77)=MAX($K77,$L77),5,IF(MIN($E77,$F77)=MIN($K77,$L77),4,3))))))) | N77: =IF(OR($K77="",$L77="",$G77="",$H77=""),"",IF(AND($G77=$K77,$H77=$L77),5+IF(($K77+$L77)>=6,2,IF(($K77+$L77)=5,1,0)),IF(AND($G77=$H77,$K77=$L77),3,IF(AND($G77<>$H77,$K77<>$L77,SIGN($G77-$H77)=SIGN($K77-$L77)),2,0)))) | O77: =IF(OR($K77="",$L77="",$I77="",$J77=""),"",IF(AND($I77=$K77,$J77=$L77),3,IF(SIGN($I77-$J77)=SIGN($K77-$L77),1,0)))
A78: K | B78: 64 | C78: COL | D78: RDC | E78: 2 | F78: 0 | G78: 2 | H78: 0 | I78: 1 | J78: 0 | M78: =IF(OR($K78="",$L78="",$E78="",$F78=""),"",IF($E78=$F78,IF($K78=$L78,IF($E78=$K78,10,6),0),IF(OR($K78=$L78,SIGN($E78-$F78)<>SIGN($K78-$L78)),0,IF(AND($E78=$K78,$F78=$L78),10,IF(($E78-$F78)=($K78-$L78),6,IF(MAX($E78,$F78)=MAX($K78,$L78),5,IF(MIN($E78,$F78)=MIN($K78,$L78),4,3))))))) | N78: =IF(OR($K78="",$L78="",$G78="",$H78=""),"",IF(AND($G78=$K78,$H78=$L78),5+IF(($K78+$L78)>=6,2,IF(($K78+$L78)=5,1,0)),IF(AND($G78=$H78,$K78=$L78),3,IF(AND($G78<>$H78,$K78<>$L78,SIGN($G78-$H78)=SIGN($K78-$L78)),2,0)))) | O78: =IF(OR($K78="",$L78="",$I78="",$J78=""),"",IF(AND($I78=$K78,$J78=$L78),3,IF(SIGN($I78-$J78)=SIGN($K78-$L78),1,0)))
A79: K | B79: 65 | C79: COL | D79: POR | E79: 1 | F79: 2 | G79: 1 | H79: 3 | I79: 0 | J79: 1 | M79: =IF(OR($K79="",$L79="",$E79="",$F79=""),"",IF($E79=$F79,IF($K79=$L79,IF($E79=$K79,10,6),0),IF(OR($K79=$L79,SIGN($E79-$F79)<>SIGN($K79-$L79)),0,IF(AND($E79=$K79,$F79=$L79),10,IF(($E79-$F79)=($K79-$L79),6,IF(MAX($E79,$F79)=MAX($K79,$L79),5,IF(MIN($E79,$F79)=MIN($K79,$L79),4,3))))))) | N79: =IF(OR($K79="",$L79="",$G79="",$H79=""),"",IF(AND($G79=$K79,$H79=$L79),5+IF(($K79+$L79)>=6,2,IF(($K79+$L79)=5,1,0)),IF(AND($G79=$H79,$K79=$L79),3,IF(AND($G79<>$H79,$K79<>$L79,SIGN($G79-$H79)=SIGN($K79-$L79)),2,0)))) | O79: =IF(OR($K79="",$L79="",$I79="",$J79=""),"",IF(AND($I79=$K79,$J79=$L79),3,IF(SIGN($I79-$J79)=SIGN($K79-$L79),1,0)))
A80: K | B80: 66 | C80: RDC | D80: UZB | E80: 1 | F80: 1 | G80: 1 | H80: 1 | I80: 0 | J80: 0 | M80: =IF(OR($K80="",$L80="",$E80="",$F80=""),"",IF($E80=$F80,IF($K80=$L80,IF($E80=$K80,10,6),0),IF(OR($K80=$L80,SIGN($E80-$F80)<>SIGN($K80-$L80)),0,IF(AND($E80=$K80,$F80=$L80),10,IF(($E80-$F80)=($K80-$L80),6,IF(MAX($E80,$F80)=MAX($K80,$L80),5,IF(MIN($E80,$F80)=MIN($K80,$L80),4,3))))))) | N80: =IF(OR($K80="",$L80="",$G80="",$H80=""),"",IF(AND($G80=$K80,$H80=$L80),5+IF(($K80+$L80)>=6,2,IF(($K80+$L80)=5,1,0)),IF(AND($G80=$H80,$K80=$L80),3,IF(AND($G80<>$H80,$K80<>$L80,SIGN($G80-$H80)=SIGN($K80-$L80)),2,0)))) | O80: =IF(OR($K80="",$L80="",$I80="",$J80=""),"",IF(AND($I80=$K80,$J80=$L80),3,IF(SIGN($I80-$J80)=SIGN($K80-$L80),1,0)))
A81: Grupo L
A82: L | B82: 67 | C82: ING | D82: CRO | E82: 2 | F82: 1 | G82: 2 | H82: 1 | I82: 1 | J82: 0 | M82: =IF(OR($K82="",$L82="",$E82="",$F82=""),"",IF($E82=$F82,IF($K82=$L82,IF($E82=$K82,10,6),0),IF(OR($K82=$L82,SIGN($E82-$F82)<>SIGN($K82-$L82)),0,IF(AND($E82=$K82,$F82=$L82),10,IF(($E82-$F82)=($K82-$L82),6,IF(MAX($E82,$F82)=MAX($K82,$L82),5,IF(MIN($E82,$F82)=MIN($K82,$L82),4,3))))))) | N82: =IF(OR($K82="",$L82="",$G82="",$H82=""),"",IF(AND($G82=$K82,$H82=$L82),5+IF(($K82+$L82)>=6,2,IF(($K82+$L82)=5,1,0)),IF(AND($G82=$H82,$K82=$L82),3,IF(AND($G82<>$H82,$K82<>$L82,SIGN($G82-$H82)=SIGN($K82-$L82)),2,0)))) | O82: =IF(OR($K82="",$L82="",$I82="",$J82=""),"",IF(AND($I82=$K82,$J82=$L82),3,IF(SIGN($I82-$J82)=SIGN($K82-$L82),1,0)))
A83: L | B83: 68 | C83: GAN | D83: PAN | E83: 2 | F83: 1 | G83: 2 | H83: 1 | I83: 1 | J83: 1 | M83: =IF(OR($K83="",$L83="",$E83="",$F83=""),"",IF($E83=$F83,IF($K83=$L83,IF($E83=$K83,10,6),0),IF(OR($K83=$L83,SIGN($E83-$F83)<>SIGN($K83-$L83)),0,IF(AND($E83=$K83,$F83=$L83),10,IF(($E83-$F83)=($K83-$L83),6,IF(MAX($E83,$F83)=MAX($K83,$L83),5,IF(MIN($E83,$F83)=MIN($K83,$L83),4,3))))))) | N83: =IF(OR($K83="",$L83="",$G83="",$H83=""),"",IF(AND($G83=$K83,$H83=$L83),5+IF(($K83+$L83)>=6,2,IF(($K83+$L83)=5,1,0)),IF(AND($G83=$H83,$K83=$L83),3,IF(AND($G83<>$H83,$K83<>$L83,SIGN($G83-$H83)=SIGN($K83-$L83)),2,0)))) | O83: =IF(OR($K83="",$L83="",$I83="",$J83=""),"",IF(AND($I83=$K83,$J83=$L83),3,IF(SIGN($I83-$J83)=SIGN($K83-$L83),1,0)))
A84: L | B84: 69 | C84: ING | D84: GAN | E84: 2 | F84: 0 | G84: 4 | H84: 1 | I84: 1 | J84: 0 | M84: =IF(OR($K84="",$L84="",$E84="",$F84=""),"",IF($E84=$F84,IF($K84=$L84,IF($E84=$K84,10,6),0),IF(OR($K84=$L84,SIGN($E84-$F84)<>SIGN($K84-$L84)),0,IF(AND($E84=$K84,$F84=$L84),10,IF(($E84-$F84)=($K84-$L84),6,IF(MAX($E84,$F84)=MAX($K84,$L84),5,IF(MIN($E84,$F84)=MIN($K84,$L84),4,3))))))) | N84: =IF(OR($K84="",$L84="",$G84="",$H84=""),"",IF(AND($G84=$K84,$H84=$L84),5+IF(($K84+$L84)>=6,2,IF(($K84+$L84)=5,1,0)),IF(AND($G84=$H84,$K84=$L84),3,IF(AND($G84<>$H84,$K84<>$L84,SIGN($G84-$H84)=SIGN($K84-$L84)),2,0)))) | O84: =IF(OR($K84="",$L84="",$I84="",$J84=""),"",IF(AND($I84=$K84,$J84=$L84),3,IF(SIGN($I84-$J84)=SIGN($K84-$L84),1,0)))
A85: L | B85: 70 | C85: PAN | D85: CRO | E85: 0 | F85: 2 | G85: 1 | H85: 4 | I85: 0 | J85: 2 | M85: =IF(OR($K85="",$L85="",$E85="",$F85=""),"",IF($E85=$F85,IF($K85=$L85,IF($E85=$K85,10,6),0),IF(OR($K85=$L85,SIGN($E85-$F85)<>SIGN($K85-$L85)),0,IF(AND($E85=$K85,$F85=$L85),10,IF(($E85-$F85)=($K85-$L85),6,IF(MAX($E85,$F85)=MAX($K85,$L85),5,IF(MIN($E85,$F85)=MIN($K85,$L85),4,3))))))) | N85: =IF(OR($K85="",$L85="",$G85="",$H85=""),"",IF(AND($G85=$K85,$H85=$L85),5+IF(($K85+$L85)>=6,2,IF(($K85+$L85)=5,1,0)),IF(AND($G85=$H85,$K85=$L85),3,IF(AND($G85<>$H85,$K85<>$L85,SIGN($G85-$H85)=SIGN($K85-$L85)),2,0)))) | O85: =IF(OR($K85="",$L85="",$I85="",$J85=""),"",IF(AND($I85=$K85,$J85=$L85),3,IF(SIGN($I85-$J85)=SIGN($K85-$L85),1,0)))
A86: L | B86: 71 | C86: PAN | D86: ING | E86: 0 | F86: 2 | G86: 1 | H86: 4 | I86: 0 | J86: 2 | M86: =IF(OR($K86="",$L86="",$E86="",$F86=""),"",IF($E86=$F86,IF($K86=$L86,IF($E86=$K86,10,6),0),IF(OR($K86=$L86,SIGN($E86-$F86)<>SIGN($K86-$L86)),0,IF(AND($E86=$K86,$F86=$L86),10,IF(($E86-$F86)=($K86-$L86),6,IF(MAX($E86,$F86)=MAX($K86,$L86),5,IF(MIN($E86,$F86)=MIN($K86,$L86),4,3))))))) | N86: =IF(OR($K86="",$L86="",$G86="",$H86=""),"",IF(AND($G86=$K86,$H86=$L86),5+IF(($K86+$L86)>=6,2,IF(($K86+$L86)=5,1,0)),IF(AND($G86=$H86,$K86=$L86),3,IF(AND($G86<>$H86,$K86<>$L86,SIGN($G86-$H86)=SIGN($K86-$L86)),2,0)))) | O86: =IF(OR($K86="",$L86="",$I86="",$J86=""),"",IF(AND($I86=$K86,$J86=$L86),3,IF(SIGN($I86-$J86)=SIGN($K86-$L86),1,0)))
A87: L | B87: 72 | C87: CRO | D87: GAN | E87: 2 | F87: 0 | G87: 2 | H87: 0 | I87: 1 | J87: 0 | M87: =IF(OR($K87="",$L87="",$E87="",$F87=""),"",IF($E87=$F87,IF($K87=$L87,IF($E87=$K87,10,6),0),IF(OR($K87=$L87,SIGN($E87-$F87)<>SIGN($K87-$L87)),0,IF(AND($E87=$K87,$F87=$L87),10,IF(($E87-$F87)=($K87-$L87),6,IF(MAX($E87,$F87)=MAX($K87,$L87),5,IF(MIN($E87,$F87)=MIN($K87,$L87),4,3))))))) | N87: =IF(OR($K87="",$L87="",$G87="",$H87=""),"",IF(AND($G87=$K87,$H87=$L87),5+IF(($K87+$L87)>=6,2,IF(($K87+$L87)=5,1,0)),IF(AND($G87=$H87,$K87=$L87),3,IF(AND($G87<>$H87,$K87<>$L87,SIGN($G87-$H87)=SIGN($K87-$L87)),2,0)))) | O87: =IF(OR($K87="",$L87="",$I87="",$J87=""),"",IF(AND($I87=$K87,$J87=$L87),3,IF(SIGN($I87-$J87)=SIGN($K87-$L87),1,0)))

Sheet Totais
A1: Placar de Pontos — Copa 2026
A2: Bolão | B2: Fase de Grupos | C2: Jogos pontuados
A3: Bolão do Zap | B3: =SUM('Fase de Grupos'!M:M) | C3: =COUNT('Fase de Grupos'!M:M)
A4: Bolão do Cli | B4: =SUM('Fase de Grupos'!N:N) | C4: =COUNT('Fase de Grupos'!N:N)
A5: Polla 26 | B5: =SUM('Fase de Grupos'!O:O) | C5: =COUNT('Fase de Grupos'!O:O)

Sheet Classificados
A1: Classificados para a 2a Fase - por Bolao
A2: Grupo | B2: Bolao do Zap | D2: Bolao do Cli | F2: Polla 26 | H2: Obs
B3: 1o | C3: 2o | D3: 1o | E3: 2o | F3: 1o | G3: 2o
A4: A | D4: MEX | E4: COR
A5: B | D5: CAN | E5: SUI
A6: C | D6: BRA | E6: MAR
A7: D | D7: PAR | E7: AUS
A8: E | D8: EQU | E8: ALE
A9: F | D9: HOL | E9: TUN
A10: G | D10: BEL | E10: IRA
A11: H | D11: ESP | E11: URU
A12: I | D12: FRA | E12: NOR
A13: J | D13: ARG | E13: AUT
A14: K | D14: POR | E14: COL
A15: L | D15: ING | E15: CRO

Sheet Legenda
A1: Legenda e Notas
A3: Estrutura
A4: Fase de Grupos | B4: 72 jogos. Colunas M/V = gols do mandante e do visitante no palpite de cada bolao.
A5: Bolao do Cli | B5: Palpites ja preenchidos a partir dos prints (12.06.2026).
A6: Bolao do Zap / Polla 26 | B6: Colunas em branco, a preencher.
A7: Resultado Real | B7: Preencher conforme os jogos acontecem.
A8: Pts Zap / Cli / Polla | B8: Reservado para pontuacao por jogo conforme a regra de cada bolao.
A9: Classificados | B9: 1o e 2o de cada grupo por bolao. Cli ja preenchido.
A10: Siglas | B10: AFS Africa do Sul, COR Coreia do Sul, CAT Catar, BOS Bosnia, CDM Costa do Marfim, EQU Equador, CUR Curacao, EGT Egito, CPV Cabo Verde, IRQ Iraque, AGL Argelia, JRD Jordania, RDC Rep. Dem. do Congo, UZB Uzbequistao, GAN Gana, PAN Panama.
A12: Pontuacao automatica | B12: Colunas M/N/O calculam sozinhas quando voce preenche Real (K/L).
A13: Bolao do Zap (grupos) | B13: Exato 10 | dif de gols 6 | gols do vencedor 5 | gols do perdedor 4 | so vencedor 3 | empate exato 10 | empate placar errado 6 | resto 0.
A14: Bolao do Cli (grupos) | B14: Exato 5 (+1 se 5 gols no total, +2 se 6+ gols) | empate certo placar errado 3 | vitoria certa placar errado 2 | resto 0.
A15: Polla 26 | B15: Placar exato 3 | so o vencedor/empate certo 1 | resto 0.
A16: Mata-mata | B16: Ainda nao consolidado. Zap dobra a tabela (exato 15, dif 9, gols venc 8, gols perd 6, so venc 5). Cli e Polla mantem os mesmos valores dos grupos.
